question,answer
ツイステッドワンダーランドの学園名は？,ナイトレイブンカレッジです。
ディズニー作品の中でツイステはどの作品をモチーフにしている？,ヴィランズがモチーフだよ。
監督生はどの寮に所属している？,寮には所属してなく、昔使われていたボロボロの寮、略して「オンボロ寮」に住んでいるよ。
ハーツラビュル寮のモチーフは？,『不思議の国のアリス』だよ。
サバナクロー寮のモチーフは？,『ライオン・キング』だよ。
オクタヴィネル寮のモチーフは？,『リトル・マーメイド』だよ。
スカラビア寮のモチーフは？,『アラジン』だよ。
ポムフィオーレ寮のモチーフは？,『白雪姫』だよ。
イグニハイド寮のモチーフは？,『ヘラクレス』だよ。
ディアソムニア寮のモチーフは？,『眠れる森の美女』だよ。
ツイステはどんなゲーム？,ツイステとは、ディズニーに登場するヴィランズ（悪役）キャラクター達と織りなす、ヴィランズ学園アドベンチャーゲームのこと。
ツイステッドワンダーランドって何？,ツイステッドワンダーランドは、ディズニーのヴィランズをテーマにした学園ファンタジーゲームだよ。
どんなキャラクターが登場するの？,主にディズニーヴィランズを元にしたキャラクターが登場するよ。
このゲームの目的は何ですか？,学園生活を送りながら、ストーリーを進めてミッションをクリアすることだよ。
ストーリーの設定はどんな感じ？,異世界の魔法学園「ナイトレイブンカレッジ」での学生生活が舞台だよ。
魔法は使えるの？,ゲーム内のキャラクターたちは魔法を使えますが、プレイヤーの主人公（監督生）は魔法が使えないよ。
主人公はどんなキャラクターですか？,主人公は異世界から召喚された普通の人間で、魔法を使えないキャラクターだよ。
グリムって誰？,グリムは、火を吹く小さなモンスターで、主人公と一緒に冒険する相棒だよ。
どのプラットフォームで遊べる？,iOSやAndroidのスマートフォンでプレイできるよ。
課金要素はありますか？,無料でプレイできますが、アイテムやカードの購入などに課金要素があるよ。
ナイトレイブンカレッジにはいくつの寮があるの？,学園には7つの寮があり、それぞれ異なるディズニーヴィランズがモチーフになってるよ。
学園の寮はどうやって決まるの？,魔法の鏡が生徒を各寮に振り分けるよ。
戦闘システムはどんな感じですか？,ターン制バトルを使い、カードを使って魔法を発動するよ。
リズミックって何？,リズミックは、ゲーム内で音楽に合わせてボタンを押すリズムゲーム要素だよ。
キャラクター同士の関係はどうなっていますか？,ヴィランズらしい関係性だよ。
寮はどのディズニーキャラクターをモチーフにしているの？,ハーツラビュルはハートの女王、サバナクローはスカー、オクタヴィネルはアースラなどがモチーフだよ。
プレイヤーの選択肢はストーリーに影響するの？,一部の選択肢がキャラクターの反応に影響を与えることがあるけど、ストーリー自体には大きな影響はないよ。
ストーリーは一話完結型？,ストーリーは連続して進行し、各章ごとに新しいエピソードが展開されるよ。
ゲームの更新頻度はどのくらい？,新しい章やイベントが定期的に追加されるよ。
ゲーム内でキャラクターを強化する方法は？,授業を受けたり、アイテムを使用してキャラクターを強化できるよ。
どのキャラクターを育てるべき？,自分の好きなキャラクターやバトルで有利なキャラクターを育てるのがおすすめだよ。
どんなイベントがあるの？,季節ごとの特別イベントや限定キャラクターのピックアップイベントがありるよ。
どのイベントがオススメ？,ハロウィンイベントが最もおすすめだよ。
ゲーム内の通貨は何？,ゲーム内では「マドル」と呼ばれる通貨を使用してアイテムを購入できるよ。
「ツイステッドワンダーランド」はどんなジャンルのゲームですか？,魔法学園を舞台にしたアドベンチャーRPGだよ。
ディズニーキャラクターは出てきますか？,キャラクターの元はディズニーのヴィランズですが、オリジナルのキャラクターとして登場するよ。
プレイヤーはどのキャラクターを操作しますか？,プレイヤーは操作キャラではなく、ストーリーを進めるナビゲーターとしての役割だよ。
「ナイトレイブンカレッジ」とは何ですか？,ゲーム内で魔法を学ぶ学園で、ストーリーの中心となるよ。
どのようなプレイスタイルですか？,ストーリーを進めるアドベンチャーパートと、バトル・リズムゲームが組み合わさったスタイルだよ。
無料で遊べますか？,基本プレイは無料で、課金要素はあるよ。
ゲーム内の課金要素は何ですか？,キャラクターカードやアイテムの購入に課金が必要だよ。
ディズニー以外の要素もありますか？,主要キャラクターはディズニーのヴィランズが元になっていますが、オリジナルの設定が多く含まれるよ。
マルチプレイはできますか？,他のプレイヤーと直接遊ぶことはできませんが、フレンド機能でサポートできるよ。
ストーリーはどのくらいの長さですか？,現在は複数の章があり、随時新しいエピソードが追加されるよ。
キャラクターはどうやって強化しますか？,授業やバトルで経験値を貯め、アイテムでレベルを上げるよ。
初心者におすすめのキャラクターは？,強力な魔法を使えるキャラクターを早めに育てると良いよ。
イベントはどのくらいの頻度で行われますか？,季節ごとのイベントが定期的に開催され、新しいキャラやストーリーが登場するよ。
このゲームは何年から始まりましたか？,2020年にリリースされたよ。
寮の違いは何ですか？,寮ごとにモチーフとなったディズニーヴィランズや、キャラクターの個性が異なるよ。
バトルはどのように進行しますか？,バトルはターン制で、キャラクターの魔法を使って敵と戦うよ。
このゲームの魅力は何ですか？,魅力的なキャラクターやディープなストーリーが人気の理由だよ。
ストーリーをスキップすることはできますか？,一度読んだストーリーはスキップ可能だよ。
ゲームはどのように進行しますか？,ストーリーパート、バトル、リズムゲームを繰り返して進るよ。
アイテムの入手方法は？,ミッションの報酬や課金、イベントで手に入るよ。
ハーツラビュル寮長の名前は？,リドル・ローズハート
サバナクロー寮長の名前は？,レオナ・キングスカラー
オクタヴィネル寮長の名前は？,アズール・アーシェングロット
スカラビア寮長の名前は？,カリム・アルアジーム
ポムフィオーレ寮長の名前は？,ヴィル・シェーンハイト
イグニハイド寮長の名前は？,イデア・シュラウド
ディアソムニア寮長の名前は？,マレウス・ドラコニア
ツイステはどんなストーリーなの？,異世界から召喚された主人公（監督生）は、魔法が使えないにもかかわらず、この魔法士養成学校「ナイトレイブンカレッジ」に入学することに。そこで、学園の生徒と交流し、さもざまな事件を解決しながら元の世界に帰る方法を模索する・・・というストーリーになっています。
ナイトレイブンカレッジ（NRC)とは？,ツイステの賢者の島北部の丘にある魔法士養成学校。4年生の全寮制の男子校で、ツイステで偉人として語り継がれているグレート・セブンの精神に基づく７つの寮で構成されているよ。
７つの寮の名前は？,ハーツラビュル寮、サバナクロー寮、オクタヴィネル寮、スカラビア寮、ポムフィオーレ寮、イグニハイド寮、ディアソムニア寮
寮とは？,ツイステで偉人として語り継がれているグレート・セブンの精神に基づく７つの寮で構成されており、寮長と副寮長がいるよ。（副寮長はいない寮もある）
ハーツラビュル副寮長の名前は？,トレイ・クローバー
オクタヴィネル副寮長の名前は？,ジェイド・リーチ
スカラビア副寮長の名前は？,ジャミル・バイパー
ポムフィオーレ副寮長の名前は？,ルーク・ハント
ディアソムニア副寮長の名前は？,リリア・ヴァンルージュ
「ユニーク魔法」とは何？,それぞれのキャラクターが持つ固有の魔法だよ。
主人公（監督生）が最初に会うキャラクターは？,グリム
主人公（監督生）の学年は？,1年生
主人公（監督生）の名前は？,名前は好きな名前を決めることができるよ。また、公式の名前は、「ゆう」だよ。
寮長会議とは何？,各寮長が集まって学校運営を話し合う会議だよ。
グリムの夢は？,偉大な魔法使いになることです！
ハーツラビュル寮の寮生は？,リドル・ローズハート、トレイ・クローバー、ケイト・ダイヤモンド、エース・トラッポラ、デュース・スペード
リドルのユニーク魔法の名前は？,首をはねろ（オフ・ウィズ・ユアヘッド）
リドルの性格は？,厳格な性格で、わがままで怒りっぽく、独裁的なキャラクター。寮の法律を破ったものは冷酷に罰する性格だよ。
リドルの誕生日は？,8月24日です。（乙女座）
彼の得意科目は何ですか？,実践魔法だよ。
リドルの好きな食べ物は何ですか？,苺タルトだよ。
彼のユニーク魔法の効果は何ですか？,相手の魔法を無効化し、行動を制限するよ。
リドルがリーダーとして心がけていることは？,規律を守ることと、仲間の統制を保つことです。
リドルはどんな過去を持っていますか？,厳しい母親に育てられ、完璧を追求する性格になりました。
リドルはどのように変化していきますか？,厳しさから仲間を思いやるように成長していきます。
リドルの所属する部活は？,馬術部だよ。
リドルの声優は？,花江夏樹（はなえなつき）さん
リドルの出身は？,薔薇の王国だよ。
リドルの歳は？,17歳
リドルのクラスは？,2年E組26番
リドルの身長は？,160cm
リドルの利き手は？,右だよ。
リドルの元ネタは？,元ネタは「不思議の国のアリス」のハートの女王と言われているよ。
トレイのユニーク魔法は何ですか？,薔薇を塗ろう（ドゥードゥル・スート）
トレイの誕生日は？,10月25日（蠍座）
トレイの性格はどんな感じですか？,穏やかで面倒見が良く、後輩を支える兄貴分です。
トレイが好きな食べ物は？,スミレの砂糖漬けだよ。
トレイの得意な魔法科目は？,魔法植物学です。
トレイの趣味は何ですか？,お菓子作りです。
トレイが大事にしていることは？,仲間を支えることです。
トレイがリドルに対して感じていることは？,リドルの厳しさを理解しつつ、時折心配しています。
トレイの声優は？,鈴木崚汰（すずきりょうた）さん
トレイの出身は？,薔薇の王国だよ。
トレイの歳は？,18歳
トレイのクラスは？,3年E組04番
トレイの身長は？,181cm
トレイの利き手は？,右だよ。
トレイの所属する部活は？,サイエンス部だよ。
トレイの趣味は？,歯磨きだよ。
トレイの嫌いなことは？,歯磨きをしないで寝る事だよ。
トレイの元ネタは？,元ネタは「不思議の国のアリス」のトランプ兵（クラブ）と言われているよ。
ケイトのユニーク魔法は？,舞い散る手札（スプリット・カード）
ケイトの誕生日はいつですか？,2月4日（水瓶座）
ケイトの性格はどのようなものですか？,明るく社交的ですが、内面では孤独を感じています。
ケイトが好きなことは？,SNSでの自己表現や写真撮影です。
ケイトのユニーク魔法の効果は？,分身を作り出して、多くの場所で一度に行動できます。
ケイトが大切にしていることは？,自分の見せ方を工夫することです。
ケイトの得意な科目は？,占星術だよ。
ケイトはなぜ常にポジティブなのですか？,自分を強く保つために、明るく振る舞っています。
ケイトの趣味は？,カフェ巡りだよ。
ケイトの声優は？,小林竜之（こばやしたつゆき）さん
ケイトの出身は？,輝石の国だよ。
ケイトの歳は？,18歳
ケイトのクラスは？,3年B組05番
ケイトの身長は？,176cm
ケイトの利き手は？,右だよ。
ケイトの所属する部活は？,軽音部だよ。
エースのユニーク魔法は？,まだ、ないよ。
エースの誕生日はいつですか？,9月23日（天秤座）
エースはどんな性格ですか？,いたずら好きで、少しお調子者です。
エースの得意科目は？,魔法解析学だよ。。
エースの趣味は何ですか？,ゲームやスポーツです。
エースが一番の親友は誰ですか？,デュース・スペード、監督生、グリムだよ。
エースの家族構成は？,兄がいます。
エースがリドルに反抗する理由は？,リドルの規律の厳しさに反発を感じているからです。
エースが得意なスポーツは？,バスケットボールだよ。
エースの声優は？,山下誠一郎（やましたせいいちろう）さん
エースの出身は？,薔薇の王国だよ。
エースの歳は？,16歳
エースのクラスは？,1年A組25番
エースの身長は？,172cm
エースの利き手は？,右だよ。
エースの所属する部活は？,バスケットボール部
エースの趣味は？,カードゲームだよ。
エースの嫌いなことは？,優柔不断なことだよ。
エースの元ネタは？,元ネタは「不思議の国のアリス」のトランプ兵（ハート）と言われているよ。
ケイトの元ネタは？,元ネタは「不思議の国のアリス」のトランプ兵（ダイヤ）と言われているよ。
デュースのユニーク魔法は？,しっぺ返し（ベット・ザ・リミット）
デュースの誕生日は？,6月3日（双子座）
デュースの性格は？,真面目で努力家ですが、時折おっちょこちょいです。
デュースの過去は？,元不良で、現在は母親を喜ばせたい一心で努力しています。
デュースの趣味は？,マジカルホイールに乗ることだよ。
デュースの好きな食べ物は？,卵料理だよ。
デュースが大事にしていることは？,成績を上げ、母親を誇りに思わせることです。
デュースの得意科目は？,体力育成だよ。
デュースの声優は？,小林千晃（こばやしちあき）さん
デュースの出身は？,薔薇の王国だよ。
デュースの歳は？,16歳
デュースのクラスは？,1年A組24番
デュースの身長は？,173cm
デュースの利き手は？,右だよ。
デュースの所属する部活は？,陸上部
デュースの特技は？,機械整備することだよ。
デュースの嫌いなことは？,タイムセールだよ。
デュースの元ネタは？,元ネタは「不思議の国のアリス」のトランプ兵（スペード）と言われているよ。
サバナクロ―寮の寮生は？,レオナ・キングスカラー、ラギー・ブッチ、ジャック・ハウル
レオナのユニーク魔法の名前は？,王者の咆哮（キングス・ロアー）
レオナはどこの王子ですか？,夕焼けの草原の第二王子だよ。
レオナはなぜ王になれないの？,彼は次男であり、王位継承権一位ではないからだね。
レオナの得意な科目は？,古代呪文語が得意だよ。
レオナの好きな食べ物は？,肉だよ。
レオナの寮長としての評価は？,力強くカリスマ的だけど、怠け者としても知られているよ。
レオナはどんな性格ですか？,冷静沈着で少し皮肉屋だけど、責任感が強い一面もあるよ。
レオナの趣味は？,昼寝をすることが大好きなんだ。
レオナの誕生日は？,7月27日（獅子座）
レオナの声優は？,梅原裕一郎（うめはらゆういちろう）さん
レオナの出身は？,夕焼けの草原だよ。
レオナの歳は？,20歳
レオナのクラスは？,3年A組13番
レオナの身長は？,185cm
レオナの利き手は？,右だよ。
レオナの所属する部活は？,マジカルシフト部
レオナの特技は？,3秒で寝られることだよ。
レオナの嫌いなことは？,子どもの相手だよ。
レオナの元ネタは？,元ネタは「ライオン・キング」のスカーと言われているよ。
ラギーのユニーク魔法は何？,愚者の行進（ラフ・ウィズ・ミー）
ラギーはどんな背景を持っていますか？,貧しい家庭で育ち、サバイバルスキルに長けているよ。
ラギーの得意な科目は？,動物言語学が得意だよ。
ラギーの好きな食べ物は？,何でも食べるけど、特にドーナッツが好きだね。
ラギーはなぜレオナに忠実なの？,お金をたくさん持っているから。あと、自分の王として認めているからだよ。
ラギーはどんな性格ですか？,明るくお調子者だけど、時々ずる賢いところもあるんだ。
ラギーの趣味は？,節約や物を再利用することが好きだよ。あと、アルバイト。
ラギーの誕生日は？,4月18日（牡牛座）
ラギーの声優は？,市川蒼（いちかわあおい）さん
ラギーの出身は？,夕焼けの草原だよ。
ラギーの歳は？,17歳
ラギーのクラスは？,2年B組02番
ラギーの身長は？,171cm
ラギーの利き手は？,右だよ。
ラギーの所属する部活は？,マジカルシフト部
ラギーの特技は？,釣りだよ。
ラギーの嫌いなことは？,損をすることだよ。
ラギーの元ネタは？,元ネタは「ライオン・キング」のブチハイエナと言われているよ。
ジャックのユニーク魔法は？,月夜を破る遠吠え（アンリイッシュ・ビースト）
ジャックの性格はどんな感じですか？,誠実で真面目な性格だよ。
ジャックの得意な科目は？,運動全般、特に体育が得意だよ。
ジャックの好きな食べ物は？,洋ナシのコンポートが好きだよ。
ジャックの趣味は？,筋トレとランニングが趣味だよ。あと、サボテン栽培が好きみたいだよ。
ジャックの誕生日は？,10月11日（天秤座）
ジャックはどんな家族構成ですか？,ジャックは大家族で、兄弟が多いんだ。
ジャックはなぜサバナクロー寮に？,闇の鏡に選ばれたから。
ジャックの声優は？,坂泰斗（ばんたいと）さん
ジャックの出身は？,輝石の国だよ。
ジャックの歳は？,16歳
ジャックのクラスは？,1年B組11番
ジャックの身長は？,192cm
ジャックの利き手は？,右だよ。
ジャックの所属する部活は？,陸上部
ジャックの特技は？,スノーボードだよ。
ジャックの嫌いなことは？,無駄な喧嘩だよ。
ジャックの元ネタは？,元ネタは「ライオン・ガード」に登場するレイレイか「ホワイトファング」に登場するウルフドッグ・ホワイトファングと言われているよ。
オクタヴィネル寮の寮生は？,アズール・アーシェングロット、ジェイド・リーチ、フロイド・リーチ
アズールのユニーク魔法の名前は？,黄金の契約書（イッツ・ア・ディール）
アズールの得意な科目は？,錬金術だよ。
アズールの夢は何ですか？,ナイトレイブンカレッジを卒業して、大きなビジネスを成功させることです。つまり、お金をたくさん稼ぐことだよ。
なぜアズールは契約を好むのですか？,子供の頃の経験から、人との取引が力を持つ手段だと考えています。
アズールの幼少期のコンプレックスは？,昔は太っていて、他人からバカにされていました。
アズールが得意とするビジネスの種類は？,モストロ・ラウンジの経営をはじめ、契約を駆使した事業運営です。
アズールの好きな食べ物は？,唐揚げだよ。
アズールはどんな性格ですか？,狡猾で計算高く、契約を重んじる策略家です。
アズールの声優は？,田丸篤志（たまるあつし）さん
アズールの出身は？,珊瑚の海だよ。
アズールの歳は？,17歳
アズールのクラスは？,2年C組03番
アズールの身長は？,176cm
アズールの利き手は？,右だよ。
アズールの所属する部活は？,ボードゲーム部
アズールの特技は？,暗算だよ。
アズールの嫌いなことは？,運頼みだよ。
アズールの元ネタは？,元ネタは『リトル・マーメイド』アースラと言われているよ。
ジェイドの趣味は何ですか？,キノコの観察と研究です。
ジェイドのユニーク魔法は何ですか？,かじりとる歯（ショック・ザ・ハート）
ジェイドの性格はどのようなものですか？,落ち着いていて丁寧な口調ですが、何を考えているのかわかりにくいです。
ジェイドが得意な料理は？,タコ料理です。
ジェイドの好きな食べ物は何ですか？,タコのカルパッチョ
ジェイドは何を観察するのが好きですか？,キノコの観察だよ。
ジェイドが好む環境は？,自然豊かな場所や山が好きです。
ジェイドの口調や態度に隠された本音は？,丁寧な口調の裏に、時折皮肉や意図が含まれていることがあります。
ジェイドの声優は？,駒田航（こまだわたる）さん
ジェイドの出身は？,珊瑚の海だよ。
ジェイドの歳は？,17歳
ジェイドのクラスは？,2年E組13番
ジェイドの身長は？,190cm
ジェイドの利き手は？,右だよ。
ジェイドの所属する部活は？,山を愛する会　　　　　　　　　　　　　　　　　　　　　　　　　　　　　　　　　　　　　　　　　　　　　　　　　　　　　　　　　　　　　　　　　　　　　　　　　　　　　一人だけだけどね！
ジェイドの特技は？,紅茶を入れることだよ。
ジェイドの嫌いなことは？,予定調和だよ。
ジェイドの元ネタは？,元ネタは『リトル・マーメイド』ジェットサムと言われているよ。
アズールの誕生日は？,2月24日（魚座）
ジェイドの誕生日は？,11月5日（蠍座）
ジェイドの家族構成は？,父・母・フロイドだよ。
フロイドのユニーク魔法は？,巻きつく尾（バインド・ザ・ハート）
フロイドの性格はどんなものですか？,気分屋で、非常に感情の浮き沈みが激しいです。
フロイドの好きな食べ物は？,タコ焼きです。
フロイドの趣味は？,面白い人や状況に飛び込むこと
フロイドの特技は？,水中での戦闘や、素早い動き
フロイドの双子の兄弟は誰ですか？,ジェイド・リーチです。
フロイドの好きなことは何ですか？,他人をからかうことや、予測できない行動をとることが好きです。
フロイドはなぜ突然機嫌が変わるのですか？,感情が非常に不安定で、気分次第で態度が大きく変わります。
フロイドの目標は何ですか？,特に明確な目標はなく、楽しく過ごすことが彼の最優先です。
フロイドが楽しんでいることは？,戦いや危険な状況に身を投じることを楽しんでいます。
フロイドの誕生日は？,11月5日（蠍座）
フロイドの声優は？,岡本信彦（おかもとのぶひこ）さん
フロイドの出身は？,珊瑚の海だよ。
フロイドの歳は？,17歳
フロイドのクラスは？,2年D組17番
フロイドの身長は？,190cm
フロイドの利き手は？,左だよ。
フロイドの所属する部活は？,バスケットボール部
フロイドの特技は？,パルクールだよ。
フロイドの嫌いなことは？,束縛だよ。
フロイドの元ネタは？,元ネタは『リトル・マーメイド』フロットサムと言われているよ。
スカラビア寮の寮生は？,カリム・アルアジーム、ジャミル・バイパー
カリムの特技は何ですか？,水を自在に操る魔法が得意です。
カリムの性格はどんな感じですか？,明るくて、誰に対してもフレンドリーです。
カリムはなぜジャミルを信頼しているのですか？,ジャミルは幼い頃からカリムを支え続けているからです。
カリムの好きな食べ物は何ですか？,ココナッツジュースが好物です。
カリムの家族はどんな人たちですか？,カリムは裕福な家庭の出身で、大家族に囲まれています。
カリムのユニーク魔法の名前は何ですか？,枯れない恵み（オアシス・メイカー）
カリムはリーダーシップを発揮しますか？,常にポジティブで周囲を引っ張るリーダーです。
カリムはどんなファッションが好きですか？,従者のおまかせだと思うよ。
カリムはどんな魔法道具を使いますか？,カリムはマジカルペンを使って魔法を操ります。
カリムの声優は？,古田一紀（ふるたかずき）さん
カリムの出身は？,熱砂の国だよ。
カリムの歳は？,17歳
カリムのクラスは？,2年A組01番
カリムの身長は？,168cm
カリムの利き手は？,右だよ。
カリムの所属する部活は？,軽音部
カリムの特技は？,毒の鑑定だよ。
カリムの嫌いなことは？,一人飯だよ。
カリムの元ネタは？,元ネタは『アラジン』のサルタン王、『アラジン完結編/盗賊王の伝説』に登場するカシームと言われているよ。
ジャミルのユニーク魔法は何ですか？,蛇のいざない（スネークウィスパー）
ジャミルはなぜカリムに仕えているのですか？,ジャミルの家系は代々アルアジーム家に仕えているからです。
ジャミルはどんな性格ですか？,冷静で計算高いですが、内面には熱い情熱を秘めています。
ジャミルの趣味は何ですか？,ブレイクダンスです。
ジャミルの特技は何ですか？,料理を作ることが特技です。
ジャミルの好きな食べ物は何ですか？,スパイス料理やカレーが好物です。
ジャミルは家族と仲が良いですか？,家族とは距離を感じている部分もありますが、仲良しだよ。
ジャミルの一番の苦労は何ですか？,カリムを守りながら、自分の感情を抑え込むことが一番の苦労です。
ジャミルの声優は？,二葉要（ふたばかなめ）さん
ジャミルの出身は？,熱砂の国だよ。
ジャミルの歳は？,17歳
ジャミルのクラスは？,2年C組31番
ジャミルの身長は？,175cm
ジャミルの利き手は？,右だよ。
ジャミルの所属する部活は？,バスケットボール部
ジャミルの特技は？,料理だよ。
ジャミルの嫌いなことは？,虫に触ることだよ。
ジャミルの元ネタは？,元ネタは『アラジン』ジャファーと言われているよ。
ジャミルの誕生日は？,9月12日（乙女座）
カリムの誕生日は？,6月25日（蟹座）
ポムフィオーレ寮の寮生は？,ヴィル・シェーンハイト、ルーク・ハント、エペル・フェルミエ
ヴィルの夢は何ですか？,世界一美しい存在になることです。
ヴィルの得意な魔法は何ですか？,毒を作り出す魔法です。
ヴィルの好きな食べ物は何ですか？,ヴィルはお手製スムージーを好みます。
ヴィルの特技は何ですか？,化粧品作りです。
ヴィルの誕生日はいつですか？,4月9日（牡牛座）
ヴィルのユニーク魔法は何ですか？,美しき華の毒（フェアレスト・ワン・オブ・オール）
ヴィルはなぜリーダーになったのですか？,美しさとリーダーシップが認められたからです。
ヴィルの声優は？,相葉裕樹（あいばひろき）さん
ヴィルの出身は？,輝石の国だよ。
ヴィルの歳は？,18歳
ヴィルのクラスは？,3年C組23番
ヴィルの身長は？,183cm
ヴィルの利き手は？,右だよ。
ヴィルの所属する部活は？,映画研究会
ヴィルの特技は？,化粧品作りだよ。
ヴィルの嫌いなことは？,手抜きすることだよ。
ヴィルの元ネタは？,元ネタは『白雪姫』女王と言われているよ。
ルークの特技は何ですか？,人間観察です。
ルークのユニーク魔法は何ですか？,ユニーク魔法を放った相手を世界の果てまで追いかけることができる魔法だよ。
ルークがヴィルに忠誠を誓う理由は？,ヴィルの美と信念に深く感銘を受けているからです。
ルークの誕生日はいつですか？,12月2日（射手座）
ルークの好きなものは何ですか？,美しいもの全般です。
ルークの趣味は何ですか？,舞台鑑賞することです。
ルークの声優は？,糸川耀士郎（いとかわようじろう）さん
ルークの出身は？,夕焼けの草原だよ。
ルークの歳は？,18歳
ルークのクラスは？,3年A組10番
ルークの身長は？,177cm
ルークの利き手は？,右だよ。
ルークの所属する部活は？,サイエンス部
ルークの嫌いなことは？,プライベートに踏み込まれることだよ。
ルークの元ネタは？,元ネタは『白雪姫』狩人と言われているよ。
エペルの夢は何ですか？,強くたくましい男になることです。
エペルのユニーク魔法は何ですか？,相手の動きを封じます。
エペルの好きなものは何ですか？,力強いものです。
エペルの特技は何ですか？,果樹園での作業です。
エペルの誕生日はいつですか？,5月6日（牡牛座）
エペルがヴィルに反発する理由は？,自分の理想とヴィルの美の基準が異なるからです。
エペルの趣味は何ですか？,体を動かすことと、ドライブです。
エペルの性格はどうですか？,外見は可愛らしいですが、内面は非常に強い意志を持っています。
エペルがサバナクロ―寮に憧れている理由は？,強さとたくましさ、体格の良さに憧れているからです。
エペルの家族は何をしているのですか？,彼の家族はリンゴ農家を営んでいます。
エペルの声優は？,土屋神葉（つちやしんば）さん
エペルの出身は？,豊作村だよ。
エペルの歳は？,16歳
エペルのクラスは？,1年B組07番
エペルの身長は？,156cm
エペルの利き手は？,右だよ。
エペルの所属する部活は？,マジカルシフト部
エペルの嫌いなことは？,女に間違われることだよ。
エペルの元ネタは？,元ネタは『白雪姫』の毒林檎と言われているよ。
イグニハイド寮の寮生は？,イデア・シュラウド、オルト・シュラウド
イデアが寮にこもる理由は？,イデアは極度の内向的性格で、人前に出るのが苦手です。
イデアの得意分野は？,彼は工学やプログラムなどの技術に秀でています。
イデアが作ったロボットは？,オルトというロボットが彼の弟として登場します。
イデアの好きな食べ物は？,スナック菓子やインスタント食品が好物です。
イデアの最大の恐れは？,彼は対人関係や現実世界との接触を恐れています。
イデアが好きなゲームジャンルは？,ロールプレイングゲーム（RPG）が好きです。
イデアのヘアスタイルの特徴は？,彼の髪は青白い炎のようになっています。
イデアが寮長としての役割を果たす理由は？,寮で一番技術と知識に長けていたから寮長に選ばれました。
イデアが一番大切にしているものは？,オルトというロボットの弟です。
イデアの声優は？,内山昂輝（うちやまこうき）さん
イデアの出身は？,嘆きの島だよ。
イデアの歳は？,18歳
イデアのクラスは？,3年B組28番
イデアの身長は？,183cm
イデアの利き手は？,左だよ。
イデアの所属する部活は？,ボードゲーム部
イデアの嫌いなことは？,対面会話だよ。
イデアの元ネタは？,元ネタは『ヘラクレス』ハデスと言われているよ。
イデアの誕生日は？,12月18日（射手座）
イデアの得意科目は？,召喚術だよ。
イデアの特技は？,プログラミングを組むことだよ。
オルトは誰ですか？,オルトはイデアの弟であり、ロボットです。
オルトの性格は？,明るく、フレンドリーで、兄思いな性格です。
オルトの特殊能力は何ですか？,オルトは情報処理能力が非常に高く、ネットワークにアクセスできます。
オルトがイデアに与える影響は？,オルトはイデアの心の支えであり、彼を外の世界に連れ出す存在です。
オルトが壊れたことはありますか？,かつてオルトは破壊されましたが、イデアにより修復されました。
オルトの外見の特徴は？,彼はロボットであり、金属の体に青い炎を持つ特徴的なデザインです。
オルトの夢は何ですか？,オルトはもっと多くの友達を作り、外の世界を知ることが夢です。
オルトの好きな遊びは？,彼はオンラインゲームが好きで、特にイデアと一緒に遊ぶことを楽しんでいます。
オルトの声優は？,蒼井翔太（あおいしょうた）さん
オルトの出身は？,嘆きの島だよ。
オルトの歳は？,不明だよ。
オルトの身長は？,148cm
オルトの利き手は？,右だよ。
オルトの所属する部活は？,ボードゲーム部
オルトの嫌いなことは？,落雷だよ。
オルトの元ネタは？,元ネタはギリシャ神話に登場するオルトロスと言われているよ。
ディアソムニア寮の寮生は？,マレウス・ドラコニア、リリア・ヴァンルージュ、シルバー、セベク・ジグボルト
マレウスの得意な魔法は何ですか？,マレウスはほとんどの魔法を得意としています。
マレウスの趣味は？,趣味は古い建物の見学や歴史に触れることです。
マレウスのユニーク魔法は何ですか？,祝福(フェイ・オブ・マレフィセンス)
なぜマレウスは孤立していますか？,彼は圧倒的な魔力を持ち、周囲から畏怖されています。
マレウスは誰と仲が良いですか？,特にリリアやシルバー、セベクと仲が良いです。
マレウスの好きな食べ物は？,好きな食べ物は氷菓です。
マレウスが気にしていることは？,彼は自分が「招かれざる者」と思われることを気にしています。
マレウスはなぜ学園に来たのですか？,他種族との交流が主な目的で来たようだよ。
マレウスの声優は？,加藤和樹（かとうかずき）さん
マレウスの出身は？,茨の谷
マレウスの歳は？,不明だよ。
マレウスの身長は？,202cm
マレウスの利き手は？,右だよ。
マレウスの所属する部活は？,ガーゴイル研究会
マレウスの嫌いなことは？,機械操作が苦手だよ。
マレウスの元ネタは？,元ネタは『眠れる森の美女』マレフィセントと言われているよ。
リリアの年齢は？,リリアは数百歳を超える非常に古い存在です。
リリアのユニーク魔法は何ですか？,人やものの過去の記憶をのぞくことだよ。
リリアの趣味は何ですか？,趣味はゲームや音楽です。
リリアが一番大切にしているものは？,彼は家族と仲間を非常に大切にしています。
リリアの好物は何ですか？,トマトジュースだよ。
リリアの過去について教えてください。,ツイステ本編の７章に出てくるよ。
リリアはなぜディアソムニア寮に所属していますか？,闇の鏡に選ばれたから。
リリアの声優は？,緑川光（みどりかわひかる）さん
リリアの出身は？,茨の谷
リリアの歳は？,不明だよ。
リリアの身長は？,158cm
リリアの利き手は？,右だよ。
リリアの所属する部活は？,軽音部
リリアの嫌いなことは？,探し物が苦手だよ。
リリアの元ネタは？,元ネタは「ファンタジア」に登場するチェルナボーグ、『眠れる森の美女』の妖精もしくはグーンと言われているよ。
リリアの誕生日は？,1月1日（山羊座）
マレウスの誕生日は？,1月18日（山羊座）
シルバーの特技は何ですか？,シルバーは剣術が得意です。
シルバーのユニーク魔法は何ですか？,同じ夢を見よう(ミート・イン・ア・ドリーム)
シルバーはなぜいつも眠そうですか？,彼はユニーク魔法の影響で、どこでも眠ってしまうことがあります。
シルバーは誰に育てられましたか？,シルバーはリリアに育てられました。
シルバーの夢は何ですか？,彼はマレウスの忠実な騎士であり続けることを夢見ています。
シルバーはどんな性格ですか？,彼は真面目で礼儀正しい性格ですが、少し鈍感なところもあります。
シルバーの好きな食べ物は？,きのこのリゾットを好みます。
シルバーの家族構成は？,彼はリリアに育てられ、マレウスやセベクと兄弟のような関係です。
シルバーはどんな人間関係を築いていますか？,彼はマレウスに忠誠を誓い、リリアを父親のように慕い、セベクを親友、友のように思っています。
シルバーの声優は？,島﨑信長（しまざきのぶなが）さん
シルバーの出身は？,茨の谷
シルバーの歳は？,17歳
シルバーの身長は？,176cm
シルバーの利き手は？,右だよ。
シルバーの所属する部活は？,馬術部
シルバーの嫌いなことは？,惰眠が苦手だよ。
シルバーの元ネタは？,元ネタは『眠れる森の美女』に登場する銀の剣、オーロラ姫の2つと言われているよ。
シルバーの誕生日は？,5月15日（牡牛座）
シルバーのクラスは？,2年A組22番
マレウスのクラスは？,3年D組06番
リリアのクラスは？,3年E組30番
セベクの性格はどんな感じですか？,セベクはマレウスに対して非常に忠誠心が強く、厳格な性格です。
セベクのユニーク魔法は何ですか？,迅雷一線(リビング・ボルト)
セベクの尊敬する人物は？,彼はマレウスを崇拝しています。
セベクの弱点は何ですか？,彼は感情的になりやすく、冷静さを失うことがあります。
セベクの趣味は？,彼は若様のお役に立つことや鍛錬や学習に時間を費やすのが好きです。
セベクの家族構成は？,彼は人間の父と妖精の母を持つハーフです。
セベクはマレウス以外に誰を尊敬していますか？,リリアに対しても敬意を抱いています。
セベクの口癖は何ですか？,「マレウス様！」と叫ぶことが多いです。
シルバーの声優は？,石谷春貴（いしやはるき）さん
シルバーの出身は？,茨の谷
シルバーの歳は？,16歳
シルバーの身長は？,188cm
シルバーの利き手は？,左だよ。
シルバーの所属する部活は？,馬術部
シルバーの嫌いなことは？,若様が邪魔を受けること、弱音を吐くことだよ。
シルバーの元ネタは？,元ネタは『眠れる森の美女』のマレフィセントの武器である雷と言われているよ。
シルバーの誕生日は？,3月17日（魚座）
シルバーのクラスは？,1年D組33番
イデアのユニーク魔法は？,開かれた冥界の扉（ゲート・トゥ・アンダーワールド）
エペルのユニーク魔法は何ですか？,深紅の果実（スリープ・キス）
ルークのユニーク魔法は何ですか？,果てまで届く弓矢（アイ・シー・ユー）
0章はどのように始まりますか？,主人公が魔法の鏡に呼ばれ、異世界に召喚されるところから始まります。
0章の舞台となる場所はどこですか？,ナイトレイブンカレッジという魔法学校です。
0章で最初に出会うキャラは誰ですか？,グリムです。
0章で主人公の役割は？,主人公は「監督生」としてナイトレイブンカレッジに入学します。
主人公はなぜ異世界に来たのですか？,魔法の鏡が主人公を間違って召喚してしまいました。
グリムの性格はどんな感じ？,自信家で、魔法使いになることを夢見ている少し生意気なモンスターです。
クロウリー学園長の性格は？,謎めいた性格で、常に余裕があるように見えます。
オンボロ寮はどんな場所？,廃寮で荒れ果てた場所ですが、主人公とグリムの住処となります。
0章での主人公とグリムの関係は？,最初は衝突しますが、次第に協力するようになります。
0章ではどんな問題が発生しますか？,グリムが学校に勝手に入ろうとし、学園長や寮長に追いかけられるトラブルが起こります。
0章での主人公のスキルは？,主人公は魔法を使えないため、主に交渉や知恵を駆使します。
0章の最後で主人公たちはどこに住む？,主人公とグリムはオンボロ寮に住むことになります。
0章のテーマは何ですか？,異世界での新たな始まりと仲間との絆の構築です。
0章で戦闘はありますか？,0章では戦闘シーンはほとんどなく、物語の導入がメインです。
プロローグの内容は？,ナイトレイブンカレッジの入学式。闇の鏡に導かれた主人公は魔法を使えず、さらに炎を吐く謎の生き物グリムの登場により、式典会場は騒然とする。果たしてこの出逢いは偶然か、それとも…。と続いていくよ。
本編の１章の内容は？,夜も更けた頃、エースがオンボロ寮に訪れた。どうやらリドル寮長の反感を買って、エースは罰を受けたらしい。リドルの統治は次第に苛烈さを増し、ハーツラビュル寮生の不満が募っていくのだった…。
本編の２章の内容は？,マジカルシフト大会が間近に迫る中、校内で事故が多発。これは偶然ではないとして、主人公は学園長から調査を依頼される。主人公が事件の真相を追う一方、サバナクロー寮では不穏な動きが…。
本編の３章の内容は？,期末テストシーズン。なぜか自信満々に、いつもより高い点数であることを確信するグリムやデュースたち。その裏には、アズールとの隠された「契約」があった…。
本編の４章の内容は？,多くの生徒が帰省するウィンターホリデー到来。学園に残った主人公とグリムは、大食堂で料理をするジャミルとの出会いをきっかけに、スカラビア寮へ向かうことに…。
本編の５章の内容は？,ウィンターホリデーが明け、全国魔法士養成学校総合文化祭の開催が2ヶ月後に迫る。プログラムの一つである『ボーカル＆ダンスチャンピオンシップ』――通称『VDC』が、ヴィルの出場で大きな注目を集める中、グリムたちも出場メンバーオーディションへの参加を決めるのだが…。
本編の６章の内容は？,VDCが終わった晩、豹変したグリムに襲われた主人公。エースとデュースに相談し、一緒にグリムを探そうとするが、寮長たちに招集をかけた学園長に先を越されてしま
本編の７章の内容は？,嘆きの島での騒動が一段落し、平穏な日常を取り戻したナイトレイブンカレッジ。そんな折、3年生たちは、次年度の学外研修に向けたオリエンテーションを受けるため、講堂に集められていた。
ナイトレイブンカレッジ（NRC)の教師陣の名前は？,ディア・クロウリー、デイヴィス・クルーウェル、モーゼズ・トレイン、アシュトン、
学園長の声優は？,宮本充さんだよ。
学園長の身長は？,185cm
学園長の歳は？,？？？歳だよ。
学園長の出身は？,？？？
学園長の趣味は？,旅行だよ。
デイヴィス・クルーウェルとは？,学園において薬学などの理系科目を担当する教師だ。美的センスに優れ、ファッションの話になると周りが見えなくなってしまう一面も持ち合わせている。
クルーウェル先生の声優は？,伊東健人さんだよ。
クルーウェル先生の身長は？,183cm
クルーウェル先生の歳は？,32歳だよ。
クルーウェル先生の出身は？,薔薇の王国だよ。
クルーウェル先生の趣味は？,クラシックカーだよ。
学園長（ディア・クロウリー）とは？,ほかでもないナイトレイブンカレッジの学園長だ。「ツイステッドワンダーランド」に迷い込んでしまった主人公に居場所を与えてくれる存在でもある。学園長という立場ながら人柄はユーモアに溢れ、お茶目な一面も持ち合わせる。
モーゼズ・トレインとは？,魔法史などの文系科目を担当する教師だ。1分の遅刻も許さない厳格な性格であるものの、「ルチウス」という猫を溺愛する意外な一面も持っている。
トレイン先生の声優は？,小山力也さんだよ。
トレイン先生の身長は？,178cm
トレイン先生の歳は？,58歳だよ。
トレイン先生の出身は？,輝石の国
トレイン先生の趣味は？,猫の世話だよ。
アシュトン先生とは？,ナイトレイブンカレッジで体力育成や飛行術といった体育系科目を担当する教師だ。熱血漢でナルシストであり、たまに暑苦しい面もある模様。
アシュトン先生の声優は？,竹内良太さんだよ。
アシュトン先生の身長は？,174cm
アシュトン先生の歳は？,30歳だよ。
アシュトン先生の出身は？,輝石の国
アシュトン先生の趣味は？,筋トレだよ。
サムさんとは？,学園内の購買部「Mr.Sのミステリーショップ」の店主だ。生卵から魔法石までなんでも取り扱い品揃えの豊富さで生徒の人気を集めている。
サムさんの声優は？,木村昴さんだよ。
サムさんの身長は？,181cm
サムさんの歳は？,25歳だよ。
サムさんの出身は？,歓喜の港
サムさんの趣味は？,ピアノ演奏だよ。
リドルはなぜ厳格な性格なのですか？,幼少期に母親の厳しい教育を受けたため、規則を守ることに執着しています。
リドルは友達を作るのが苦手ですか？,彼の厳格さが原因で、他人との関係が難しくなりがちです。
リドルの好きなものは何ですか？,紅茶と本が好きで、特に紅茶の時間を大切にしています。
リドルはリーダーとしてどうですか？,彼はルールを守ることを重視しており、厳しいが公平なリーダーです。
リドルはどんな時に感情的になりますか？,規則が破られた時や自分の思い通りにいかない時、感情的になりやすいです。
リドルは柔軟な考えを持っていますか？,最初は非常に頑固ですが、物語が進むにつれて柔軟さを学びます。
リドルの弱点は何ですか？,規則に固執しすぎて、他人の気持ちを考慮しないことが弱点です。
リドルは学業にどのように取り組んでいますか？,彼は非常に優秀で、常にトップの成績を維持しています。
リドルの人間関係はどうですか？,厳しさのため、当初は孤立しがちですが、次第に友人を作るようになります。
リドルのストーリーでの成長はどのように描かれていますか？,厳しい規則主義から脱却し、仲間との絆を大切にするようになります。
エースはどんな性格ですか？,お調子者で、いたずら好きな性格です。
エースはなぜリドルと対立しますか？,彼の自由奔放な性格がリドルの厳格さと衝突するからです。
エースは友達に対してどんな態度を取りますか？,明るく、時に無責任な態度を取りますが、友達思いです。
エースの短所は何ですか？,無鉄砲で、時々他人を苛立たせることがあります。
エースは問題解決にどう取り組みますか？,考えるよりも行動するタイプで、後から考えることが多いです。
エースは学校でどう振る舞っていますか？,成績は悪くなく、スポーツも得意ですが、規則にはあまり従いません。
エースの趣味は何ですか？,カードゲームやスポーツが好きです。
エースのリーダーシップ能力はどうですか？,リーダーとしてはまだ未熟ですが、仲間を引っ張る力はあります。
エースはどんな時に本気を出しますか？,自分に利益があると感じた時や、負けず嫌いな部分が刺激された時です。
エースの友情に対する価値観は？,軽い態度を取りますが、実は仲間思いで、困った時には助けに来ます。
ケイトの性格はどんな感じ？,明るく社交的で、SNSが好きなタイプです。
ケイトは他人にどう接しますか？,表面的にはフレンドリーですが、深く関わるのを避ける傾向があります。
なぜケイトはSNSを重視しているの？,自分を常にポジティブに見せたいからです。
ケイトはどんな趣味がありますか？,写真撮影やSNS更新が趣味です。
ケイトは内面に悩みがあるの？,明るく振る舞っていますが、実は孤独感を抱えています。
ケイトはリーダーシップがありますか？,集団を盛り上げる力はありますが、リーダーシップを取ることは少ないです。
ケイトは誰と仲が良いの？,リドルやトレイと良好な関係です。
ケイトは自分の本心を見せますか？,基本的には本心を隠し、笑顔で過ごしています。
ケイトは寮内でどんな役割？,その場を明るくするムードメーカーです。
ケイトはトラブルにどう対処する？,冷静に見えるが、内心では非常に気を使っています。
トレイの性格はどんな感じ？,真面目で面倒見が良い兄貴的な存在です。
トレイは料理が得意と聞きますが本当ですか？,はい、彼は料理が得意でよく寮生に振る舞っています。
トレイはリドルにどう接しているの？,リドルとは幼馴染だよ。
トレイの弱点は何ですか？,人に頼るのが苦手で、自分で何でも解決しようとします。
トレイはどんな趣味を持っていますか？,料理やお菓子作りが趣味です。
トレイはリーダーシップがありますか？,はい、寮の副寮長として冷静に状況をまとめます。
トレイはどんな時に怒りますか？,寮のルールが乱された時や不誠実な態度には厳しいです。
トレイは友達が多い？,面倒見が良いため、多くの人に慕われています。
トレイの家族構成は？,彼はお兄さんで、兄弟が多いです。
トレイは他人の気持ちに敏感ですか？,とても気遣いができるタイプです。
デュースの性格はどんな感じ？,真面目で直情的な性格です。
デュースはどうして優等生を目指しているの？,元不良で、母親に誇れる自分になるために優等生を目指しています。
デュースの趣味は何ですか？,バイクやスポーツが好きですが、今は苦手な勉強に集中しています。
デュースはリドルをどう思っていますか？,厳しいけれど尊敬できるリーダーと考えています。
デュースは友達とどう接しますか？,真剣に向き合うタイプで、仲間思いです。
デュースの短所は何ですか？,短気で感情的になることが多いです。ヤンキーだった頃の癖が・・
デュースは自分の過去をどう思っている？,反省していて、もう二度と戻らないと決意しています。
デュースは学業にどう取り組んでいるの？,全力で取り組んでいますが、時々空回りします。
デュースはどんな時に笑顔になりますか？,仲間や母親に褒められた時が一番嬉しそうです。
デュースの夢は何ですか？,立派な魔法使いになることです。
レオナの性格はどのようなものですか？,レオナはプライドが高く、冷静沈着ですが、少し怠け者な一面もあります。
レオナのリーダーシップスタイルはどんな感じですか？,強引で支配的ですが、的確な判断力で寮生たちを導きます。
レオナはなぜあまり努力しないように見えるのですか？,きっと努力する姿をあまり他人に見せたくないのだと思うよ。
レオナは他のキャラクターとどう対立しますか？,お互いに皮肉を言い合っているよ。
レオナはなぜ王子でありながら王位継承権がないと思っているのですか？,兄が先に王位を継いでおり、自分が二番手であることに不満を持っています。
レオナが興味を持っているものは何ですか？,主に自分の利益と力関係にしか興味がありません。
レオナの特技や能力は何ですか？,魔法に優れ、特に古代呪文語を得意としています。
ラギーの性格はどんな感じですか？,ラギーは陽気でずる賢く、どんな状況でも生き抜く力を持っています。
ラギーはレオナにどう関わっていますか？,レオナの指示に従いながらも自分の利益も考えています。
なぜラギーは食べ物にこだわるのですか？,貧しい生活を送っていたため、食べ物への執着が強いです。
ラギーの強みは何ですか？,機転が利き、素早い判断力でトラブルを回避します。
ラギーはどんなことが得意ですか？,きずかれず、盗むことを得意とし、情報収集もうまいです。
ラギーは何を大切にしていますか？,自分の命への執着と、自分の利益を大切にしています。
ラギーがレオナに従っている理由は何ですか？,レオナから得られる恩恵や保護を受けるためです。・・・報酬額が大きいからは建前で、ちゃんとレオナさんを自分の王様だと認めているからだと思うよ。
ラギーは他のキャラクターとどう関わっていますか？,ラギーは表面上は友好的ですが、裏で自分の利益を考えています。
ジャックの性格はどのようなものですか？,ジャックは真面目で誠実、自分に対しても他人に対しても真面目な性格です。
ジャックはなぜ自立心が強いのですか？,自分の力で成し遂げることに誇りを持ち、他人に頼ることを好まないからです。
ジャックの信条は何ですか？,正直さと努力を大切にし、不正を嫌います。
ジャックはどんな人間関係を築いていますか？,基本的に一匹狼ですが、信頼できる人には強い忠誠心を示します。
ジャックの得意なことは何ですか？,体力に優れ、物理的な戦闘に強いです。
ジャックの短所は何ですか？,頑固で、他人の助けを受け入れないことがあります。
ジャックがレオナに抱いている感情は何ですか？,レオナさんの能力は認めていますが、彼の態度や行動には反発を感じています。
ジャックは何を大切にしていますか？,自分の誇りと他者への正直さを大切にしています。
ジャックはなぜ一匹狼のような行動を取るのですか？,他人に依存せず、自分の力で問題を解決してきた過去があるからだと思うよ。
アズールの性格はどのようなものですか？,知的で冷静、ビジネスマンのような性格です。
アズールはなぜ契約を好むのですか？,彼は力と支配を得るために、契約を巧みに利用します。
アズールの野心はどこから来ていますか？,幼少期に弱かった自分を克服しようとする思いが彼を強くします。
アズールの恐怖心は何ですか？,自分が再び無力な存在になることを恐れています。
アズールは他人をどう見ていますか？,他人を利用することで、自分の目標を達成しようとします。
アズールの人間関係で重要な点は？,アズールは友好関係よりも利益を重視する傾向があります。
アズールの頭の良さはどこで発揮されますか？,契約や取引の場面で、その知恵が発揮されます。
アズールは感情を表に出しますか？,基本的には冷静ですが、感情的になるときもあります。
アズールの自己評価は高いですか？,彼は自己評価が高く、自信を持っています。
アズールのリーダーシップはどのようなものですか？,力（魔法）と知恵で他者を導くリーダーシップです。
フロイドの性格はどのようなものですか？,気分屋で自由奔放な性格です。
フロイドはなぜ変わりやすい気分を持っていますか？,彼の性格は気まぐれで、感情の起伏が激しいです。
フロイドは他人にどう接しますか？,他人に対して興味を持つ時と持たない時が極端です。
フロイドの戦い方はどうですか？,戦いでは、攻撃的で予測不能なスタイルを取ります。
フロイドの友情に対する考え方は？,フロイドは気分次第で友情を築きます。
フロイドが楽しむことは何ですか？,彼は相手を驚かせたり、遊ぶことが好きです。
フロイドの怒り方はどのようなものですか？,彼は突然怒ることがあり、その怒りは激しいです。
フロイドの目標はありますか？,目標はあまり明確ではなく、気分次第で行動します。
フロイドはどのように物事を決めますか？,直感的で気分に左右されることが多いです。
フロイドはジェイドとどう違いますか？,フロイドは自由奔放、ジェイドは冷静で計算的です。
ジェイドの性格はどのようなものですか？,冷静で計算高い性格です。
ジェイドはなぜ冷静でいられるのですか？,彼は常に状況を分析し、感情を抑えることに長けています。
ジェイドは他人をどう利用しますか？,他人の弱点や特徴を把握し、巧みに操ります。
ジェイドは自然が好きな理由は？,キノコが大好きだから。
ジェイドの目的意識はどうですか？,常に利益を追求し、合理的に行動します。
ジェイドは感情を表に出すことがありますか？,滅多に感情を表に出さず、冷静なままです。
ジェイドは他人に対して親切ですか？,外見上は親切に見えますが、裏で計算しています。
ジェイドの趣味は何ですか？,彼はキノコ収集が趣味で、その知識は豊富です。
ジェイドの計画性はどのように現れますか？,彼は常に先を見越して行動し、計画的に動きます。
フロイドとジェイドの関係はどのようですか？,フロイドの奔放さを抑えつつ、冷静にサポートします。たまに、ジェイドの方がやばいこともあるけどね。
カリムの性格はどんな感じですか？,明るく無邪気で、常に周りを楽しませようとする性格です。
カリムはなぜみんなに愛されていますか？,彼の純粋さと親切さが、多くの人に好かれているからです。
カリムの欠点は何ですか？,彼の無邪気さが時に周りの状況に気付かないことがあります。
カリムはどうしてジャミルと仲が良いと思っているのですか？,ジャミルの不満を知るまでは、カリムはジャミルを信頼し、長年の友人として尊敬してました。でも、その後も、新しい関係を作ろうとカリムも努力しています。
カリムはリーダーとしてどんな姿勢を持っていますか？,部下や友人を大事にし、みんなで楽しむことを重視します。
カリムの強みは何ですか？,彼の楽観的で前向きな姿勢が、周りを元気づけます。
カリムは困難にどう対処しますか？,困難にも楽観的に取り組み、決して諦めません。
カリムはどのような趣味を持っていますか？,彼は音楽や友達とのパーティーを楽しんでいます。
カリムのリーダーシップスタイルは他の寮長とどう違いますか？,彼は命令するよりも、一緒に楽しみながら導くタイプです。
ジャミルの性格はどんな感じですか？,冷静で責任感が強く、周りに気を配る慎重な性格です。
ジャミルはどうしてカリムに仕えていますか？,彼はカリムの幼なじみで、家族の伝統から仕える役割を受け継いでいます。
ジャミルの強みは何ですか？,彼の戦略的な思考が彼の強みです。
ジャミルはカリムとの関係でどんな葛藤を抱えていますか？,ジャミルはカリムに対して複雑な感情を抱いていますが、忠誠心を示します。
ジャミルはどうして自己犠牲的な性格ですか？,彼の家族の期待や責任が、彼を自己犠牲的にしています。
ジャミルの夢や目標は何ですか？,自由に自分の人生を選ぶことが彼の秘めた目標です。
ジャミルのストレスの対処法は何ですか？,彼は感情を抑え込み、冷静に物事に対処します。
ジャミルの趣味や特技は何ですか？,料理が得意で、特にスパイスを使った料理が好みです。
ジャミルの感情表現はどのように見えますか？,表向きは冷静で感情を表に出しませんが、内心は複雑です。
ヴィルの一番の特徴は？,美に厳しく、外見にも内面にも厳しく自己管理を徹底しています。
ヴィルはどうして美しさにこだわるの？,自分の価値は美しさによって決まると信じており、トップに立つための武器として美を追求しています。
ヴィルは他人にも厳しい？,人によりカモ。自分にはもちろん厳しいみたいだよ。
ヴィルはリーダーとしてどう？,冷静でカリスマ的なリーダーシップを発揮し、周りを引っ張る存在です。
ヴィルは何を恐れていますか？,美しさを失うことと、完璧でいられないことに強い恐れを感じています。
ヴィルは友達にどう接しますか？,友達に対しても厳しいですが、それは本当の強さと美を引き出そうとしているためです。
ヴィルの内面的な弱さは？,完璧を求めるあまり、自分を追い込みすぎてしまうことがあります。
ヴィルは自分の過去についてどう思っている？,自分の努力によって築いてきた美しさと成功を誇りに思っていますが、過去の失敗には敏感です。
ヴィルの将来の目標は？,俳優やモデルとしてのキャリアをさらに高め、誰にも負けない存在になることです。
エペルの一番の特徴は？,見た目はかわいいですが、実は芯が強く、男らしさを大事にしています。
エペルはなぜ見た目と中身が違うの？,過去に女みたいと馬鹿にされたことがあるので、力強さや男らしさを理想としているため、見た目とのギャップがあります。
エペルはどうして男らしさにこだわるの？,過去に女みたいと馬鹿にされたから。
エペルの短気な性格はどこから来たの？,自分や友達がバカにされたら、すぐに感情を表に出してしまいます。
エペルはどうしてヴィルに従うの？,初めは抵抗していましたが、ヴィルの強さとカリスマ性に次第に尊敬の念を抱くようになりました。
エペルの目標は？,自分の見た目に関係なく、強く、男らしい存在になることです。
エペルは友達にどう接しますか？,自分を認めてくれる相手には心を開き、信頼を寄せます。
エペルの見た目に対するコンプレックスは？,可愛いと言われることにコンプレックスを感じ、男らしさを強調したがります。
エペルはどんなところで力を発揮しますか？,6章をみたらわかるよ。
エペルはどんな時に感情的になりますか？,見た目だけで判断されたり、自分の意思を無視されたと感じたときに、強い感情を見せます。
ルークの一番の特徴は？,美を崇拝し、他者の魅力を見抜く洞察力を持っています。
ルークはなぜ美しさを追求するの？,美はすべての根源であり、内面的な輝きを重視しているからです。
ルークの「狩人」としての性格はどう関係していますか？,美しさを追い求める姿勢は、獲物を狙う狩人のように鋭く、情熱的です。
ルークはどうして他人に興味を持つの？,彼は他者の美しさを見出し、それを称賛することで満足感を得ます。
ルークは友達にどう接しますか？,観察するように接します。
ルークは恐れるものはありますか？,美しさを失うことを恐れています。
ルークはどうして詩的な話し方をするの？,自然や美に対する感受性が高く、それを言葉で表現することが彼の喜びです。
ルークの洞察力はどのように活かされていますか？,他者の気持ちや内面の美しさを即座に見抜き、それを指摘することができる力です。
ルークはなぜ「狩人」と呼ばれるの？,彼の洞察力と美を見つける鋭い目が、まるで獲物を狩る狩人のようだと評価されているからです。
イデア・シュラウドはどんな性格ですか？,非常に内向的で、人付き合いが苦手ですが、工学系の技術に優れています。
イデアはなぜ外出を嫌がるのですか？,人前に出ることが苦手で、コミュ障だからだよ。
イデアが唯一リラックスできる場所はどこですか？,自分の部屋やイグニハイド寮内で、ゲームや技術に没頭している時です。
イデアが天才と呼ばれる理由は？,高度な技術知識とプログラミング能力に長けているためです。
イデアの髪が炎のように燃えているのはなぜですか？,感情に応じて髪の炎の色が変わる設定で、彼の不安や怒りが影響するよ。髪が赤くなるのは遺伝だよ。
イデアは何に対して情熱を持っていますか？,ゲームやプログラミング、技術に強い情熱を持っています。
イデアの口癖は何ですか？,彼はよく「フヒッ」といった、ネガティブな表現をします。
イデアの対人関係での課題は？,コミュニケーションに対する恐怖心が強く、他者と距離を置くことが多いです。
イデアの好物は何ですか？,チキンナゲットやジャンクフードを好む傾向があります。
イデアが最も苦手なことは？,直接他人と関わること、特に集団（陰キャ）での活動が苦手だよ。
オルト・シュラウドはどんな性格ですか？,明るくて社交的で、兄のイデアとは対照的な性格です。
オルトはイデアに対してどんな気持ちを抱いていますか？,兄を尊敬し、彼のことを常に支えたいと思っています。
オルトはなぜ技術的に優れているのですか？,イデアによって作られたAIであり、高度な技術と知識を持っています。
オルトの役割は何ですか？,イデアを支えることが主な役割であり、彼の代理で人前に出ることも多いです。
オルトはどんな場面で活躍しますか？,人前で話す場面や、技術的なサポートが必要な状況で活躍します。
オルトの口癖は何ですか？,明るく前向きな言葉をよく使い、兄を励ますことが多いです。
オルトはどんな趣味がありますか？,イデアと同様にゲームが好きで、特に協力プレイを好みます。
オルトが最も大事にしているものは？,兄との絆を何よりも大切にしています。
オルトが持つ特別な能力は？,自身がAIであるため、デジタル環境との高い適応力を持っています。
オルトの対人関係での強みは？,明るく社交的で、誰とでもすぐに打ち解けることができます。
マレウスの性格はどのように描かれていますか？,マレウスは冷静で威厳がありながらも、孤独を感じる一面を持っています。
マレウスはなぜ友達が少ないのですか？,彼の圧倒的な力と存在感が周囲を畏怖させ、距離を置かれることが多いからです。
マレウスの趣味は何ですか？,廃墟巡りやガーゴイルに興味があり、神秘的なものに惹かれるよ。
マレウスはなぜ人間に興味を持っていますか？,寿命の違いから、違う種族の生き方に興味を抱いています。
マレウスはどんな友達を求めていますか？,彼は対等に接してくれる友達を求めています。
なぜマレウスは孤独を感じるのですか？,その強大な力と高貴な地位が、他者を遠ざけてしまうためです。
マレウスは怒ることが多いですか？,基本的には冷静ですが、重要なものを侮辱された時に怒りを表します。
マレウスはどんな価値観を持っていますか？,伝統や歴史を重んじることが多いよ。
マレウスがもっとも恐れているものは何ですか？,孤独であり、誰からも必要とされないことを恐れています。
リリアはどんな性格ですか？,リリアは陽気で若々しく、いたずら好きな一面があります。
リリアの趣味は何ですか？,リリアはゲームや料理が趣味ですが、料理の腕は壊滅的だよ。
リリアはなぜ年齢の割に若く見えるのですか？,彼は妖精族であり、長寿で年齢に見合わない若々しさを保っています。
リリアはどうやって他の生徒たちと接していますか？,彼は寛大で親しみやすく、他の生徒を見守るような存在です。
リリアのいたずら好きな一面はどのように表れますか？,彼は時折、無邪気に他の人をからかって楽しんでいます。
リリアの料理がまずい理由は何ですか？,彼は独特な食材の組み合わせや調理法を好むため、結果的にまずい料理になります。
リリアは戦闘時どのように振る舞いますか？,戦闘では冷静で経験豊富な一面を見せ、的確な判断を下します。
リリアは寮生たちにとってどんな存在ですか？,リリアは尊敬され、憧れの存在だと思うよ。
リリアは過去にどのような戦争を経験していますか？,リリアはかつて戦争に参加しており、戦闘での経験が豊富です。
リリアの過去が彼の現在の性格にどう影響していますか？,過去の戦争経験が彼の寛容さと陽気さを培いました。
シルバーはどのような性格ですか？,シルバーは誠実で真面目、マレウス様を守ることに強い責任感を持っています。
シルバーはなぜよく眠ってしまうのですか？,シルバーは謎の呪い？の影響で、時折深い眠りに落ちてしまいまうよ。
シルバーは誰の騎士ですか？,彼はマレウス様の忠実な騎士であり、常に彼を守ろうとしています。
シルバーの忠誠心はどこから来ていますか？,養父リリアに育てられたことから、強い忠誠心を持っています。
シルバーはどうして騎士になったのですか？,リリアに育てられた影響、マレウス様へを尊敬していることで、自然と騎士としての道を歩むことになりました。
シルバーの得意なことは何ですか？,シルバーは戦闘スキルに優れ、特に剣術に長けています。
シルバーはどのような価値観を持っていますか？,シルバーは公正で正義感が強く、マレウス様を守ることを最優先に考えています。
シルバーはどのようにしてリリアと出会ったのですか？,シルバーは赤ん坊の時、リリアに拾われて育てられました。
シルバーの最大の弱点は何ですか？,突然眠ってしまうことが彼の弱点です。
シルバーは他の寮生たちとどのように接していますか？,彼は他者に対して礼儀正しく、友好的に接していますが、無口な一面もあります。
セベクはどんな性格ですか？,セベクは熱血漢で、特にマレウス様への忠誠心が強いです。
セベクはなぜマレウス様に忠誠を誓っているのですか？,セベクはマレウス様を偉大な存在として敬愛し、忠誠を誓っています。
セベクは他の寮生とどのように接していますか？,彼は他の寮生に対しても尊大で、マレウス様を崇拝する姿勢を見せています。
セベクの最大の特徴は何ですか？,セベクは非常に声が大きく、常にエネルギッシュです。
セベクはどうして強くなりたいと思っているのですか？,マレウス様を守るために、自分自身も強くなければならないと考えています。
セベクの家族構成はどのようになっていますか？,彼は人間と妖精のハーフで、父は人間、母は妖精です。
セベクの過去の経験は現在にどう影響していますか？,幼少期からマレウス様に憧れ、彼を守るために強さを追求しています。
セベクは学業においてどうですか？,彼は真面目で、特に魔法の実技に優れています。
セベクはどのように他者に接しますか？,セベクは自己主張が強く、しばしば他者と衝突しますが、内心は不器用で誠実です。
セベクの将来の目標は何ですか？,マレウス様に仕え続け、彼の力となることが彼の最大の目標です。
